{"mean": [70401.68949280237, 25.79416117314678, 3.139019686981479, 0.0, 3.299482745863043, 2.942957083277277, 0.0, 2.3995694874209605, 1.9027759092335979, 0.6344679133593435, 7.14628458675277, 3.144804699762321, 0.4861204538320104], "scale": [40643.93672067213, 4.871970420619942, 1.3811502736181547, 1.0, 0.4394585460912468, 1.3617993884296944, 1.0, 1.1283765293368833, 0.7969069475446362, 0.4815790488349593, 3.71539412916678, 1.4361677987953152, 0.4998073210730018]}